dateTime,code,TN
1974-10-11,TN,1.09
1974-11-07,TN,0.9
1974-12-05,TN,1.2
1975-01-09,TN,1.46
1975-02-14,TN,1.92
1975-03-11,TN,1.45
1975-04-04,TN,1.42
1975-05-06,TN,2.18
1975-07-16,TN,3.3
1975-07-24,TN,2.55
1975-08-13,TN,1.47
1975-09-09,TN,0.8
1975-10-02,TN,1.5
1975-11-17,TN,1.15
1975-12-18,TN,1.14
1976-01-22,TN,1.78
1976-02-24,TN,1.63
1976-03-25,TN,2.4
1976-04-05,TN,2.27
1976-04-13,TN,1.98
1976-06-02,TN,2.5
1976-08-14,TN,1.31
1976-10-27,TN,1.99
1976-11-03,TN,1.8
1977-01-10,TN,1.64
1977-02-07,TN,1.19
1977-03-03,TN,2.04
1977-04-04,TN,1.8
1977-05-02,TN,1.72
1977-06-01,TN,2.13
1977-07-13,TN,1.62
1977-08-08,TN,1.08
1977-09-02,TN,1.69
1977-10-18,TN,1.78
1977-11-07,TN,2.21
1977-12-08,TN,1.7
1978-01-13,TN,2.78
1978-02-13,TN,1.91
1978-03-06,TN,1.66
1978-04-25,TN,2.78
1978-05-08,TN,2.96
1978-06-05,TN,2.51
1978-07-12,TN,2.13
1978-08-15,TN,2.47
1978-09-14,TN,2.4
1978-10-23,TN,1.98
1978-11-13,TN,1.89
1979-02-08,TN,1.54
1979-03-06,TN,1.8
1979-05-07,TN,2.53
1979-06-11,TN,2.02
1979-07-20,TN,2.32
1979-08-06,TN,2.8
1979-09-07,TN,2.39
1979-10-01,TN,2.36
1979-11-02,TN,2.9
1979-12-19,TN,2.4
1980-01-07,TN,2.4
1980-02-04,TN,2.26
1980-04-10,TN,2.5
1980-05-09,TN,2.4
1980-07-07,TN,4.0
1980-08-04,TN,2.24
1980-09-03,TN,2.2
1980-10-17,TN,2.0
1980-11-13,TN,1.87
1980-12-01,TN,2.53
1981-01-12,TN,2.7
1981-02-03,TN,2.5
1981-03-13,TN,3.8
1981-04-20,TN,2.1
1981-05-04,TN,3.6
1981-06-01,TN,4.2
1981-07-08,TN,3.9
1981-08-06,TN,2.8
1981-09-03,TN,2.9
1981-10-09,TN,1.79
1981-12-07,TN,2.0
1982-02-17,TN,2.3
1982-04-09,TN,2.87
1982-06-10,TN,3.4
1982-08-05,TN,4.4
1982-10-07,TN,2.1
1982-12-11,TN,2.6
1983-04-26,TN,3.0
1983-06-22,TN,2.7
1983-08-15,TN,2.7
1983-10-03,TN,0.85
1983-12-06,TN,2.2
1984-02-14,TN,2.4
1984-04-16,TN,4.2
1984-06-26,TN,3.4
1984-08-21,TN,2.6
1984-10-15,TN,1.61
1984-12-03,TN,2.1
1985-02-13,TN,2.2
1985-04-11,TN,3.7
1985-06-06,TN,2.8
1985-08-13,TN,2.18
1985-10-01,TN,1.06
1985-12-03,TN,2.3
1986-02-18,TN,2.7
1986-04-15,TN,3.2
1986-06-16,TN,3.1
1986-08-12,TN,3.2
1986-11-18,TN,2.2
1986-12-08,TN,2.1
1987-01-27,TN,1.99
1987-02-09,TN,1.8
1987-03-03,TN,2.23
1987-05-11,TN,2.5
1987-06-09,TN,2.2
1987-08-13,TN,2.6
1987-09-01,TN,1.8
1987-10-20,TN,1.9
1987-11-17,TN,1.77
1987-12-02,TN,1.41
1988-01-05,TN,2.4
1988-02-22,TN,2.3
1988-03-15,TN,3.0
1988-04-05,TN,2.4
1988-05-10,TN,2.3
1988-06-09,TN,1.26
1988-08-02,TN,1.03
1988-09-29,TN,1.52
1988-10-12,TN,1.42
1988-12-22,TN,1.69
1989-02-15,TN,2.3
1989-03-30,TN,1.7
1989-06-26,TN,1.7
1989-08-08,TN,1.29
1989-10-06,TN,2.1
1990-02-20,TN,2.4
1990-04-17,TN,2.1
1990-06-25,TN,2.0
1990-08-14,TN,3.6
1990-10-30,TN,2.2
1990-12-12,TN,1.8
1991-02-25,TN,2.5
1991-04-02,TN,2.6
1991-06-17,TN,3.85
1991-09-23,TN,1.55
1991-11-05,TN,1.26
1991-12-10,TN,2.4
1992-02-26,TN,2.55
1992-05-14,TN,3.55
1992-05-26,TN,3.55
1992-06-17,TN,1.85
1992-08-18,TN,2.45
1992-10-14,TN,2.1
1992-12-15,TN,2.8
1993-01-26,TN,2.4
1993-03-03,TN,2.2
1993-04-20,TN,2.0
1993-05-24,TN,2.0
1993-06-22,TN,2.9
1993-08-23,TN,2.1
1993-11-08,TN,2.4
1994-01-24,TN,1.63
1994-03-14,TN,1.91
1994-06-28,TN,1.83
1994-08-30,TN,1.43
1994-10-20,TN,1.16
1995-01-23,TN,1.61
1995-02-21,TN,1.8
1995-04-24,TN,2.9
1995-06-14,TN,1.91
1995-08-07,TN,2.02
1995-10-12,TN,0.94
1995-10-17,TN,1.23
1995-12-06,TN,1.96
1996-02-07,TN,2.6
1996-03-27,TN,1.5
1996-04-16,TN,1.8
1996-05-01,TN,2.2
1996-05-17,TN,1.7
1996-05-31,TN,1.5
1996-06-11,TN,2.1
1996-06-21,TN,2.6
1996-06-25,TN,2.6
1996-07-23,TN,2.85
1996-09-03,TN,1.395
1996-09-17,TN,1.215
1996-11-25,TN,1.13
1997-01-15,TN,1.938
1997-02-03,TN,1.915
1997-02-20,TN,1.769
1997-03-14,TN,1.5
1997-03-26,TN,1.708
1997-04-08,TN,1.7035
1997-04-24,TN,1.995
1997-05-06,TN,1.999
1997-06-09,TN,1.925
1997-06-19,TN,2.342
1997-07-09,TN,1.666
1997-08-04,TN,1.724
1997-08-26,TN,1.436
1997-09-23,TN,1.111
1997-11-17,TN,1.202
1997-12-16,TN,1.379
1998-01-28,TN,1.821
1998-02-27,TN,1.827
1998-03-18,TN,2.068
1998-03-28,TN,2.256
1998-04-30,TN,2.415
1998-05-13,TN,2.227
1998-05-28,TN,2.217
1998-06-09,TN,2.578
1998-06-25,TN,2.977
1998-07-09,TN,2.99
1998-07-30,TN,2.6785
1998-08-19,TN,1.181
1998-11-18,TN,1.666
1998-12-08,TN,2.251
1999-01-12,TN,1.71
1999-02-10,TN,2.148
1999-03-15,TN,2.308
1999-03-30,TN,2.0195
1999-04-19,TN,1.644
1999-04-28,TN,2.828
1999-05-06,TN,3.62
1999-05-26,TN,2.903
1999-06-10,TN,3.7375
1999-06-24,TN,3.445
1999-07-21,TN,2.688
1999-08-05,TN,2.38
1999-09-14,TN,1.43
1999-11-11,TN,1.226
1999-12-01,TN,1.484
2000-01-27,TN,1.568
2000-02-17,TN,1.65
2000-03-14,TN,2.217
2000-03-29,TN,2.088
2000-04-12,TN,1.698
2000-05-10,TN,1.699
2000-05-23,TN,2.293
2000-06-06,TN,1.729
2000-07-18,TN,3.485
2000-08-25,TN,1.575
2000-09-21,TN,1.0645
2000-11-28,TN,1.653
2000-12-14,TN,1.591
2001-01-24,TN,2.461
2001-02-27,TN,2.827
2001-03-14,TN,2.5785
2001-04-02,TN,1.95
2001-04-16,TN,3.111
2001-04-23,TN,3.242
2001-05-07,TN,3.534
2001-05-21,TN,3.728
2001-06-25,TN,3.4955
2001-07-10,TN,3.692
2001-07-18,TN,2.977
2001-08-27,TN,1.362
2001-09-19,TN,0.971
2001-10-30,TN,1.476
2001-12-18,TN,1.55
2002-01-22,TN,1.816
2002-02-04,TN,1.9035
2002-02-18,TN,1.887
2002-03-13,TN,2.496
2002-03-25,TN,2.413
2002-04-10,TN,1.574
2002-04-22,TN,1.853
2002-05-07,TN,2.3045
2002-05-28,TN,1.813
2002-08-05,TN,1.718
2002-08-19,TN,1.212
2002-09-09,TN,1.546
2002-11-12,TN,1.617
2003-01-14,TN,1.804
2003-01-28,TN,1.702
2003-02-12,TN,1.73
2003-02-24,TN,1.734
2003-03-10,TN,1.455
2003-03-24,TN,1.64
2003-04-15,TN,1.857
2003-04-29,TN,1.52
2003-05-12,TN,1.897
2003-05-27,TN,2.003
2003-06-16,TN,2.058
2003-07-14,TN,2.011
2003-08-12,TN,2.172
2003-09-23,TN,1.271
2003-10-27,TN,1.105
2003-12-09,TN,2.175
2004-01-13,TN,2.0345
2004-01-29,TN,2.024
2004-02-17,TN,1.521
2004-03-02,TN,1.563
2004-03-16,TN,2.5575
2004-03-30,TN,2.226
2004-05-06,TN,1.609
2004-05-18,TN,1.685
2004-06-08,TN,3.351
2004-06-22,TN,3.149
2004-07-20,TN,2.401
2004-08-17,TN,1.742
2004-09-14,TN,1.586
2004-10-26,TN,1.512
2004-11-16,TN,1.817
2004-12-21,TN,1.682
2005-02-02,TN,1.757
2005-03-22,TN,2.069
2005-04-13,TN,1.539
2005-04-27,TN,1.7595
2005-05-10,TN,2.344
2005-05-24,TN,2.2035
2005-06-14,TN,3.063
2005-07-12,TN,2.557
2005-08-10,TN,1.424
2005-09-07,TN,1.077
2005-10-11,TN,1.04
2005-11-16,TN,1.69
2006-01-10,TN,1.87
2006-02-14,TN,2.15
2006-03-15,TN,2.25
2006-04-05,TN,2.37
2006-04-18,TN,2.78
2006-05-09,TN,3.13
2006-05-31,TN,3.76
2006-06-14,TN,3.08
2006-06-26,TN,2.59
2006-07-17,TN,2.55
2006-08-21,TN,1.09
2006-09-19,TN,1.29
2006-10-18,TN,1.39
2006-11-13,TN,1.68
2007-01-23,TN,2.23
2007-02-26,TN,2.12
2007-03-19,TN,2.32
2007-04-02,TN,3.14
2007-04-16,TN,3.15
2007-04-30,TN,3.02
2007-05-14,TN,3.77
2007-06-11,TN,2.86
2007-06-27,TN,2.95
2007-07-25,TN,1.85
2007-08-13,TN,1.17
2007-08-29,TN,1.14
2007-11-07,TN,2.62
2007-12-11,TN,2.29
2008-02-11,TN,2.855
2008-03-10,TN,2.17
2008-04-07,TN,1.71
2008-04-21,TN,1.61
2008-05-05,TN,1.99
2008-05-27,TN,2.17
2008-06-09,TN,2.26
2008-06-23,TN,3.24
2008-07-08,TN,3.27
2008-08-18,TN,1.84
2008-10-20,TN,1.4107
2008-11-17,TN,1.746
2009-01-19,TN,2.452
2009-02-03,TN,2.075
2009-03-02,TN,2.476
2009-04-06,TN,2.517
2009-04-23,TN,2.183
2009-05-04,TN,2.029
2009-05-20,TN,1.698
2009-06-01,TN,1.651
2009-06-18,TN,2.083
2009-08-13,TN,1.74
2009-10-08,TN,1.239
2009-12-02,TN,1.938
2010-01-12,TN,1.782
2010-02-16,TN,1.62
2010-02-23,TN,1.5515
2010-03-11,TN,1.586
2010-03-22,TN,2.406
2010-04-07,TN,2.513
2010-04-21,TN,2.455
2010-05-05,TN,2.743
2010-05-19,TN,1.68
2010-06-02,TN,2.175
2010-06-16,TN,2.551
2010-08-11,TN,2.349
2010-10-27,TN,2.151
2010-12-08,TN,1.978
2011-01-10,TN,2.069
2011-02-09,TN,2.32
2011-02-22,TN,2.115
2011-03-08,TN,3.578
2011-03-21,TN,2.509
2011-04-06,TN,2.08
2011-04-20,TN,2.2815
2011-05-09,TN,1.643
2011-05-16,TN,1.673
2011-05-23,TN,1.693
2011-05-30,TN,1.601
2011-06-06,TN,1.615
2011-06-13,TN,1.916
2011-06-20,TN,2.524
2011-06-27,TN,2.557
2011-07-11,TN,2.537
2011-07-25,TN,2.168
2011-08-22,TN,1.606
2011-10-24,TN,1.14853
2011-12-06,TN,1.64374
2012-01-17,TN,1.53874
2012-02-06,TN,1.58881
2012-02-22,TN,1.66035
2012-03-05,TN,1.63917
2012-03-19,TN,1.63469
2012-04-02,TN,1.55833
2012-04-16,TN,1.49904
2012-04-30,TN,1.46947
2012-05-14,TN,2.03626
2012-06-11,TN,2.01192
2012-06-25,TN,2.39936
2012-08-06,TN,1.08895
2012-10-22,TN,0.93104
2012-12-03,TN,1.30285
2013-01-15,TN,1.53146
2013-02-05,TN,1.63033
2013-02-18,TN,1.81554
2013-03-04,TN,1.90662
2013-03-18,TN,2.06303
2013-04-08,TN,2.23261
2013-04-22,TN,2.22735
2013-05-06,TN,2.81294
2013-05-20,TN,2.43444
2013-06-03,TN,2.45854
2013-06-17,TN,3.40724
2013-07-15,TN,3.42444
2013-07-30,TN,2.34487
2013-08-19,TN,1.63418
2013-11-12,TN,1.15344
2013-12-03,TN,1.22191
2014-01-16,TN,1.68731
2014-02-03,TN,1.69364
2014-02-18,TN,1.76312
2014-03-05,TN,2.18095
2014-03-17,TN,1.86183
2014-04-07,TN,2.17131
2014-04-21,TN,1.87796
2014-05-05,TN,2.24855
2014-05-19,TN,1.73005
2014-06-04,TN,2.64022
2014-06-16,TN,2.07125
2014-07-07,TN,3.06048
2014-07-28,TN,3.47549
2014-08-18,TN,2.06249
2014-10-20,TN,1.8557
2014-12-08,TN,1.5388
2015-01-12,TN,1.60626
2015-02-24,TN,1.93779
2015-03-09,TN,1.65846
2015-03-23,TN,1.75975
2015-04-06,TN,1.48479
2015-04-20,TN,1.56927
2015-05-07,TN,1.41147
2015-05-18,TN,1.89347
2015-06-01,TN,2.58307
2015-06-15,TN,2.16753
2015-06-29,TN,2.83166
2015-07-13,TN,2.21487
2015-08-10,TN,1.75782
2015-10-05,TN,2.09666
2015-12-07,TN,1.94011
2016-01-11,TN,1.93496
2016-02-03,TN,2.28808
2016-02-25,TN,1.8632
2016-03-07,TN,2.14789
2016-03-21,TN,1.89705
2016-04-04,TN,2.36317
2016-04-18,TN,2.38339
2016-05-02,TN,2.45681
2016-05-23,TN,3.04204
2016-06-06,TN,2.98664
2016-06-20,TN,2.57474
2016-07-11,TN,2.71754
2016-07-25,TN,2.16593
2016-08-22,TN,1.66473
2016-10-20,TN,2.94
2016-12-12,TN,2.74
2017-01-23,TN,2.74
2017-02-13,TN,2.53
2017-02-28,TN,2.5
2017-03-13,TN,2.75
2017-03-27,TN,2.09929
2017-04-10,TN,2.64
2017-04-24,TN,3.32
2017-05-08,TN,2.16
2017-05-25,TN,2.08
2017-06-08,TN,2.34
2017-06-19,TN,2.4
2017-07-10,TN,2.42
2017-07-25,TN,2.18
2017-08-14,TN,1.79
2017-10-16,TN,1.11
2017-12-14,TN,2.17
2018-01-23,TN,1.93005
2018-02-08,TN,2.37899
2018-03-01,TN,1.56664
2018-03-12,TN,1.49204
2018-03-26,TN,1.55243
2018-04-09,TN,1.74284
2018-04-23,TN,1.72026
2018-05-07,TN,1.77202
2018-05-21,TN,2.1696
2018-06-04,TN,2.43212
2018-06-21,TN,2.04552
2018-07-09,TN,3.17705
2018-07-23,TN,3.14361
2018-08-13,TN,2.13212
